{
    "best_epoch": 8,
    "test_loss": 0.2195390157304801,
    "test_accuracy": 0.922077922077922,
    "precision": 0.9093198992443325,
    "recall": 0.9376623376623376,
    "confusion_matrix": [
        [
            349,
            36
        ],
        [
            24,
            361
        ]
    ]
}